{"_runtime": 39.347466, "_step": 1, "train_loss": 209.18955993652344, "epoch": 0, "_timestamp": 1747866531.51689, "train_accuracy": 0.042208753526210785}