{"train_loss": 182.11846923828125, "epoch": 0, "_timestamp": 1747866166.0410419, "_runtime": 37.948368, "_step": 1, "train_accuracy": 0.04172784462571144}