{"train_loss": 87.84980773925781, "epoch": 0, "_timestamp": 1747866010.4908748, "_runtime": 710.177319, "_step": 3, "train_accuracy": 0.04995523765683174}