{"train_loss": 1610.605712890625, "epoch": 0, "_timestamp": 1747953894.767703, "_runtime": 86891.293869, "_step": 1, "train_accuracy": 0.9612234830856323}