{"_runtime":10300.72455,"_step":1,"train_loss":1592.405029296875,"epoch":0,"train_accuracy":0.9443200826644897,"_wandb":{"runtime":10327},"_timestamp":1.7490734286899068e+09}